Day,Post,Photo_File,Photo_Location,Caption,Website_URL,UTM_Content,Published,Instagram_Media_ID,Published_At
1,1,Day1Photo1.png,/mnt/data/Codeonto_25_Day_Instagram_Campaign_Final/Day1Photo1.png,"Algorithmic Commerce Intelligence 🚀

Modern consumer brands and F&B businesses compete inside algorithms, not just storefronts. Codeonto turns platform data into actionable intelligence for growth.

🔎 Explore the intelligence behind modern commerce: https://www.codeonto.com/

#Codeonto #AlgorithmicCommerce #CommerceIntelligence #DigitalShelf #DigitalShelfIntelligence #FandB #FMCG #QuickCommerce #FoodTech #RetailTech",https://www.codeonto.com/?utm_source=instagram&utm_medium=organic&utm_campaign=codeonto_25_day&utm_content=day01_post1,day01_post1,False,,
1,2,Day1Photo2.png,/mnt/data/Codeonto_25_Day_Instagram_Campaign_Final/Day1Photo2.png,"Digital Shelf Intelligence 🚀

Your digital shelf is where customers discover products, menus and brands. Codeonto helps monitor visibility, availability and performance across commerce platforms.

📊 See how Codeonto approaches Digital Shelf Intelligence: https://www.codeonto.com/

#Codeonto #DigitalShelf #CommerceData #AlgorithmicCommerce #QuickCommerce #FMCG #FandB #RestaurantTech #Ecommerce #DigitalCommerce",https://www.codeonto.com/?utm_source=instagram&utm_medium=organic&utm_campaign=codeonto_25_day&utm_content=day01_post2,day01_post2,False,,
2,1,Day2Photo1.png,/mnt/data/Codeonto_25_Day_Instagram_Campaign_Final/Day2Photo1.png,"Stop Flying Blind 🚀

Your platform data already contains signals about visibility, conversion, availability and revenue. Codeonto helps turn those signals into decisions.

💬 Want to stop flying blind? Visit Codeonto.com.

#Codeonto #RevenueLeakage #CommerceIntelligence #PlatformGrowth #DigitalShelf #RestaurantAnalytics #FandB #FMCG #QuickCommerce #DataAnalytics",https://www.codeonto.com/?utm_source=instagram&utm_medium=organic&utm_campaign=codeonto_25_day&utm_content=day02_post1,day02_post1,False,,
2,2,Day2Photo2.png,/mnt/data/Codeonto_25_Day_Instagram_Campaign_Final/Day2Photo2.png,"Revenue Leak Detection 🚀

Revenue can disappear through availability gaps, deductions, pricing issues and platform leakage. Identify the signals before they become recurring losses.

💰 Want to identify revenue leakage? Request an audit at Codeonto.com.

#Codeonto #RestaurantTech #Zomato #Swiggy #PlatformSEO #MenuOptimization #FoodDelivery #RestaurantGrowth #FandB #CommerceIntelligence",https://www.codeonto.com/?utm_source=instagram&utm_medium=organic&utm_campaign=codeonto_25_day&utm_content=day02_post2,day02_post2,False,,
3,1,Day3Photo1.png,/mnt/data/Codeonto_25_Day_Instagram_Campaign_Final/Day3Photo1.png,"Higher Platform ROAS 🚀

Platform growth is not only about more orders. It is about understanding spend, visibility, conversion and the economics behind every platform.

📈 Explore platform growth and audit capabilities at Codeonto.com.

#Codeonto #QuickCommerce #Blinkit #Zepto #Instamart #DigitalShelf #DarkStore #CommerceIntelligence #FMCG #RetailTech",https://www.codeonto.com/?utm_source=instagram&utm_medium=organic&utm_campaign=codeonto_25_day&utm_content=day03_post1,day03_post1,False,,
3,2,Day3Photo2.png,/mnt/data/Codeonto_25_Day_Instagram_Campaign_Final/Day3Photo2.png,"Sustainable Digital Growth 🚀

Sustainable growth requires more than campaigns. It requires continuous visibility into digital shelf performance, demand and revenue drivers.

🚀 Build a smarter digital growth engine with Codeonto.

#Codeonto #AlgorithmicCommerce #CommerceIntelligence #DigitalShelf #DigitalShelfIntelligence #FandB #FMCG #QuickCommerce #FoodTech #RetailTech",https://www.codeonto.com/?utm_source=instagram&utm_medium=organic&utm_campaign=codeonto_25_day&utm_content=day03_post2,day03_post2,False,,
4,1,Day4Photo1.png,/mnt/data/Codeonto_25_Day_Instagram_Campaign_Final/Day4Photo1.png,"What Is a Digital Shelf? 🚀

A digital shelf is your brand's online presence across search, category, menu, product and availability surfaces. It is where digital discovery becomes commerce.

🔎 Learn more about Digital Shelf Intelligence at Codeonto.com.

#Codeonto #DigitalShelf #CommerceData #AlgorithmicCommerce #QuickCommerce #FMCG #FandB #RestaurantTech #Ecommerce #DigitalCommerce",https://www.codeonto.com/?utm_source=instagram&utm_medium=organic&utm_campaign=codeonto_25_day&utm_content=day04_post1,day04_post1,False,,
4,2,Day4Photo2.png,/mnt/data/Codeonto_25_Day_Instagram_Campaign_Final/Day4Photo2.png,"Why Platform Ranking Matters 🚀

Platform ranking can affect what customers see first. Codeonto helps brands analyze the signals that influence discoverability and conversion.

📲 Want to understand your platform visibility? Visit Codeonto.com.

#Codeonto #RevenueLeakage #CommerceIntelligence #PlatformGrowth #DigitalShelf #RestaurantAnalytics #FandB #FMCG #QuickCommerce #DataAnalytics",https://www.codeonto.com/?utm_source=instagram&utm_medium=organic&utm_campaign=codeonto_25_day&utm_content=day04_post2,day04_post2,False,,
5,1,Day5Photo1.png,/mnt/data/Codeonto_25_Day_Instagram_Campaign_Final/Day5Photo1.png,"Search Visibility Is Revenue 🚀

Being available online is not enough. Search visibility determines whether customers can actually discover your brand, products or menu.

👀 Check how Codeonto approaches search visibility and platform growth.

#Codeonto #RestaurantTech #Zomato #Swiggy #PlatformSEO #MenuOptimization #FoodDelivery #RestaurantGrowth #FandB #CommerceIntelligence",https://www.codeonto.com/?utm_source=instagram&utm_medium=organic&utm_campaign=codeonto_25_day&utm_content=day05_post1,day05_post1,False,,
5,2,Day5Photo2.png,/mnt/data/Codeonto_25_Day_Instagram_Campaign_Final/Day5Photo2.png,"Your Menu Is a Digital Shelf 🚀

Your menu is a digital shelf. Item names, descriptions, availability, pricing, images and structure can all affect the customer journey.

🍽️ Want your menu to work harder? Explore Codeonto's platform intelligence.

#Codeonto #QuickCommerce #Blinkit #Zepto #Instamart #DigitalShelf #DarkStore #CommerceIntelligence #FMCG #RetailTech",https://www.codeonto.com/?utm_source=instagram&utm_medium=organic&utm_campaign=codeonto_25_day&utm_content=day05_post2,day05_post2,False,,
6,1,Day6Photo1.png,/mnt/data/Codeonto_25_Day_Instagram_Campaign_Final/Day6Photo1.png,"Zomato Platform Audit 🚀

A Zomato platform audit can reveal visibility, menu, availability, ratings and conversion opportunities that may otherwise remain hidden.

🔍 Request a platform audit through Codeonto.com.

#Codeonto #AlgorithmicCommerce #CommerceIntelligence #DigitalShelf #DigitalShelfIntelligence #FandB #FMCG #QuickCommerce #FoodTech #RetailTech",https://www.codeonto.com/?utm_source=instagram&utm_medium=organic&utm_campaign=codeonto_25_day&utm_content=day06_post1,day06_post1,False,,
6,2,Day6Photo2.png,/mnt/data/Codeonto_25_Day_Instagram_Campaign_Final/Day6Photo2.png,"Swiggy Platform Audit 🚀

A Swiggy platform audit helps connect platform visibility and operational signals with practical opportunities for improvement.

📊 Explore platform audit and growth intelligence at Codeonto.com.

#Codeonto #DigitalShelf #CommerceData #AlgorithmicCommerce #QuickCommerce #FMCG #FandB #RestaurantTech #Ecommerce #DigitalCommerce",https://www.codeonto.com/?utm_source=instagram&utm_medium=organic&utm_campaign=codeonto_25_day&utm_content=day06_post2,day06_post2,False,,
7,1,Day7Photo1.png,/mnt/data/Codeonto_25_Day_Instagram_Campaign_Final/Day7Photo1.png,"Menu SEO Optimization 🚀

Menu SEO is about making your digital menu easier to understand, discover and convert. Codeonto analyzes menu structure and performance signals.

🔎 Improve menu discoverability with data-led optimization. Visit Codeonto.com.

#Codeonto #RevenueLeakage #CommerceIntelligence #PlatformGrowth #DigitalShelf #RestaurantAnalytics #FandB #FMCG #QuickCommerce #DataAnalytics",https://www.codeonto.com/?utm_source=instagram&utm_medium=organic&utm_campaign=codeonto_25_day&utm_content=day07_post1,day07_post1,False,,
7,2,Day7Photo2.png,/mnt/data/Codeonto_25_Day_Instagram_Campaign_Final/Day7Photo2.png,"Ratings and Conversion 🚀

Ratings influence trust and customer decisions. Combine review signals with menu and platform data to understand the full conversion picture.

⭐ Connect ratings with conversion and platform performance. Learn more at Codeonto.com.

#Codeonto #RestaurantTech #Zomato #Swiggy #PlatformSEO #MenuOptimization #FoodDelivery #RestaurantGrowth #FandB #CommerceIntelligence",https://www.codeonto.com/?utm_source=instagram&utm_medium=organic&utm_campaign=codeonto_25_day&utm_content=day07_post2,day07_post2,False,,
8,1,Day8Photo1.png,/mnt/data/Codeonto_25_Day_Instagram_Campaign_Final/Day8Photo1.png,"Platform Availability 🚀

Platform availability matters. If your brand or item is unavailable when demand exists, a potential order can disappear before conversion.

⚡ Want better visibility into availability? Explore Codeonto.com.

#Codeonto #QuickCommerce #Blinkit #Zepto #Instamart #DigitalShelf #DarkStore #CommerceIntelligence #FMCG #RetailTech",https://www.codeonto.com/?utm_source=instagram&utm_medium=organic&utm_campaign=codeonto_25_day&utm_content=day08_post1,day08_post1,False,,
8,2,Day8Photo2.png,/mnt/data/Codeonto_25_Day_Instagram_Campaign_Final/Day8Photo2.png,"Out-of-Stock Revenue Leakage 🚀

Out-of-stock events can create localized revenue leakage. Monitoring availability helps identify where demand and supply are not matching.

🚨 Find the OOS signals that may be costing you orders. Visit Codeonto.com.

#Codeonto #AlgorithmicCommerce #CommerceIntelligence #DigitalShelf #DigitalShelfIntelligence #FandB #FMCG #QuickCommerce #FoodTech #RetailTech",https://www.codeonto.com/?utm_source=instagram&utm_medium=organic&utm_campaign=codeonto_25_day&utm_content=day08_post2,day08_post2,False,,
9,1,Day9Photo1.png,/mnt/data/Codeonto_25_Day_Instagram_Campaign_Final/Day9Photo1.png,"Pincode-Level Intelligence 🚀

Demand is often local. Pincode-level intelligence can show how availability, visibility and performance differ from one neighborhood to another.

📍 Ask Codeonto about localized commerce intelligence.

#Codeonto #DigitalShelf #CommerceData #AlgorithmicCommerce #QuickCommerce #FMCG #FandB #RestaurantTech #Ecommerce #DigitalCommerce",https://www.codeonto.com/?utm_source=instagram&utm_medium=organic&utm_campaign=codeonto_25_day&utm_content=day09_post1,day09_post1,False,,
9,2,Day9Photo2.png,/mnt/data/Codeonto_25_Day_Instagram_Campaign_Final/Day9Photo2.png,"Quick Commerce Intelligence 🚀

Quick Commerce moves at high speed. Intelligence across availability, visibility, pricing and demand can help brands respond faster.

🛒 Explore Quick Commerce intelligence with Codeonto.

#Codeonto #RevenueLeakage #CommerceIntelligence #PlatformGrowth #DigitalShelf #RestaurantAnalytics #FandB #FMCG #QuickCommerce #DataAnalytics",https://www.codeonto.com/?utm_source=instagram&utm_medium=organic&utm_campaign=codeonto_25_day&utm_content=day09_post2,day09_post2,False,,
10,1,Day10Photo1.png,/mnt/data/Codeonto_25_Day_Instagram_Campaign_Final/Day10Photo1.png,"Blinkit Visibility 🚀

Blinkit visibility can vary by location, availability and search context. Monitor the digital shelf instead of relying only on aggregate sales.

📍 Understand your Blinkit digital shelf with Codeonto.

#Codeonto #RestaurantTech #Zomato #Swiggy #PlatformSEO #MenuOptimization #FoodDelivery #RestaurantGrowth #FandB #CommerceIntelligence",https://www.codeonto.com/?utm_source=instagram&utm_medium=organic&utm_campaign=codeonto_25_day&utm_content=day10_post1,day10_post1,False,,
10,2,Day10Photo2.png,/mnt/data/Codeonto_25_Day_Instagram_Campaign_Final/Day10Photo2.png,"Zepto Visibility 🚀

Zepto performance needs localized visibility into search, availability and demand. Data can reveal where opportunities are concentrated.

📍 Explore Zepto visibility intelligence at Codeonto.com.

#Codeonto #QuickCommerce #Blinkit #Zepto #Instamart #DigitalShelf #DarkStore #CommerceIntelligence #FMCG #RetailTech",https://www.codeonto.com/?utm_source=instagram&utm_medium=organic&utm_campaign=codeonto_25_day&utm_content=day10_post2,day10_post2,False,,
11,1,Day11Photo1.png,/mnt/data/Codeonto_25_Day_Instagram_Campaign_Final/Day11Photo1.png,"Instamart Visibility 🚀

Instamart is another digital shelf where availability and discoverability matter. Monitor local signals to understand missed opportunities.

📍 Explore Instamart visibility intelligence at Codeonto.com.

#Codeonto #AlgorithmicCommerce #CommerceIntelligence #DigitalShelf #DigitalShelfIntelligence #FandB #FMCG #QuickCommerce #FoodTech #RetailTech",https://www.codeonto.com/?utm_source=instagram&utm_medium=organic&utm_campaign=codeonto_25_day&utm_content=day11_post1,day11_post1,False,,
11,2,Day11Photo2.png,/mnt/data/Codeonto_25_Day_Instagram_Campaign_Final/Day11Photo2.png,"Dark Store Intelligence 🚀

Dark stores are the operational layer behind fast delivery. Intelligence across locations can connect inventory signals with customer demand.

🏪 Want dark-store intelligence? Visit Codeonto.com.

#Codeonto #DigitalShelf #CommerceData #AlgorithmicCommerce #QuickCommerce #FMCG #FandB #RestaurantTech #Ecommerce #DigitalCommerce",https://www.codeonto.com/?utm_source=instagram&utm_medium=organic&utm_campaign=codeonto_25_day&utm_content=day11_post2,day11_post2,False,,
12,1,Day12Photo1.png,/mnt/data/Codeonto_25_Day_Instagram_Campaign_Final/Day12Photo1.png,"OOS Monitoring 🚀

OOS monitoring can help identify availability problems quickly. The earlier a brand sees the signal, the faster it can investigate the cause.

🔔 Get better visibility into OOS events with Codeonto.

#Codeonto #RevenueLeakage #CommerceIntelligence #PlatformGrowth #DigitalShelf #RestaurantAnalytics #FandB #FMCG #QuickCommerce #DataAnalytics",https://www.codeonto.com/?utm_source=instagram&utm_medium=organic&utm_campaign=codeonto_25_day&utm_content=day12_post1,day12_post1,False,,
12,2,Day12Photo2.png,/mnt/data/Codeonto_25_Day_Instagram_Campaign_Final/Day12Photo2.png,"Ad Cannibalization 🚀

Paid visibility can interact with organic visibility. Understanding ad cannibalization helps brands evaluate whether spend is creating incremental value.

📊 Understand the relationship between paid and organic visibility.

#Codeonto #RestaurantTech #Zomato #Swiggy #PlatformSEO #MenuOptimization #FoodDelivery #RestaurantGrowth #FandB #CommerceIntelligence",https://www.codeonto.com/?utm_source=instagram&utm_medium=organic&utm_campaign=codeonto_25_day&utm_content=day12_post2,day12_post2,False,,
13,1,Day13Photo1.png,/mnt/data/Codeonto_25_Day_Instagram_Campaign_Final/Day13Photo1.png,"Platform Payout Reconciliation 🚀

Platform payouts should reconcile back to orders, commissions, deductions and expected economics. Better reconciliation creates better commercial control.

💰 Improve visibility into platform payouts and deductions.

#Codeonto #QuickCommerce #Blinkit #Zepto #Instamart #DigitalShelf #DarkStore #CommerceIntelligence #FMCG #RetailTech",https://www.codeonto.com/?utm_source=instagram&utm_medium=organic&utm_campaign=codeonto_25_day&utm_content=day13_post1,day13_post1,False,,
13,2,Day13Photo2.png,/mnt/data/Codeonto_25_Day_Instagram_Campaign_Final/Day13Photo2.png,"Find Hidden Deductions 🚀

Small deductions can add up. Automated analysis can help identify unusual or unjustified deductions that deserve investigation.

🔎 Find the deductions that deserve investigation.

#Codeonto #AlgorithmicCommerce #CommerceIntelligence #DigitalShelf #DigitalShelfIntelligence #FandB #FMCG #QuickCommerce #FoodTech #RetailTech",https://www.codeonto.com/?utm_source=instagram&utm_medium=organic&utm_campaign=codeonto_25_day&utm_content=day13_post2,day13_post2,False,,
14,1,Day14Photo1.png,/mnt/data/Codeonto_25_Day_Instagram_Campaign_Final/Day14Photo1.png,"Revenue Recovery 🚀

Revenue recovery starts by finding the gap between expected and actual platform economics—and turning the insight into action.

📈 Turn identified leakage into revenue recovery opportunities.

#Codeonto #DigitalShelf #CommerceData #AlgorithmicCommerce #QuickCommerce #FMCG #FandB #RestaurantTech #Ecommerce #DigitalCommerce",https://www.codeonto.com/?utm_source=instagram&utm_medium=organic&utm_campaign=codeonto_25_day&utm_content=day14_post1,day14_post1,False,,
14,2,Day14Photo2.png,/mnt/data/Codeonto_25_Day_Instagram_Campaign_Final/Day14Photo2.png,"Restaurant Tech Integration 🚀

Restaurants often have data spread across POS, ordering platforms and other systems. Integration can create a more complete operational picture.

🔗 Explore Restaurant Tech Integration at Codeonto.com.

#Codeonto #RevenueLeakage #CommerceIntelligence #PlatformGrowth #DigitalShelf #RestaurantAnalytics #FandB #FMCG #QuickCommerce #DataAnalytics",https://www.codeonto.com/?utm_source=instagram&utm_medium=organic&utm_campaign=codeonto_25_day&utm_content=day14_post2,day14_post2,False,,
15,1,Day15Photo1.png,/mnt/data/Codeonto_25_Day_Instagram_Campaign_Final/Day15Photo1.png,"POS + Platform Data 🚀

Connect POS and online platform data to compare sales, availability, orders and operational signals in one analytical workflow.

📊 Bring POS and platform data together with Codeonto.

#Codeonto #RestaurantTech #Zomato #Swiggy #PlatformSEO #MenuOptimization #FoodDelivery #RestaurantGrowth #FandB #CommerceIntelligence",https://www.codeonto.com/?utm_source=instagram&utm_medium=organic&utm_campaign=codeonto_25_day&utm_content=day15_post1,day15_post1,False,,
15,2,Day15Photo2.png,/mnt/data/Codeonto_25_Day_Instagram_Campaign_Final/Day15Photo2.png,"One Source of Truth 🚀

A single source of truth reduces fragmented reporting and helps teams make decisions from consistent data.

🧠 Build one source of truth for your commerce data.

#Codeonto #QuickCommerce #Blinkit #Zepto #Instamart #DigitalShelf #DarkStore #CommerceIntelligence #FMCG #RetailTech",https://www.codeonto.com/?utm_source=instagram&utm_medium=organic&utm_campaign=codeonto_25_day&utm_content=day15_post2,day15_post2,False,,
16,1,Day16Photo1.png,/mnt/data/Codeonto_25_Day_Instagram_Campaign_Final/Day16Photo1.png,"Data Pipelines 🚀

Data pipelines turn raw platform and operational information into repeatable intelligence that teams can actually use.

⚙️ Turn raw data into repeatable intelligence with Codeonto.

#Codeonto #AlgorithmicCommerce #CommerceIntelligence #DigitalShelf #DigitalShelfIntelligence #FandB #FMCG #QuickCommerce #FoodTech #RetailTech",https://www.codeonto.com/?utm_source=instagram&utm_medium=organic&utm_campaign=codeonto_25_day&utm_content=day16_post1,day16_post1,False,,
16,2,Day16Photo2.png,/mnt/data/Codeonto_25_Day_Instagram_Campaign_Final/Day16Photo2.png,"Millions of Data Points 🚀

Large-scale commerce creates millions of signals. The advantage comes from structuring those signals into decisions, not simply collecting them.

📊 Data becomes valuable when it changes a decision. Explore Codeonto.

#Codeonto #DigitalShelf #CommerceData #AlgorithmicCommerce #QuickCommerce #FMCG #FandB #RestaurantTech #Ecommerce #DigitalCommerce",https://www.codeonto.com/?utm_source=instagram&utm_medium=organic&utm_campaign=codeonto_25_day&utm_content=day16_post2,day16_post2,False,,
17,1,Day17Photo1.png,/mnt/data/Codeonto_25_Day_Instagram_Campaign_Final/Day17Photo1.png,"Commerce Analytics 🚀

Commerce analytics connects raw data to practical actions across visibility, demand, conversion, availability and revenue.

📈 Turn commerce data into action with Codeonto.

#Codeonto #RevenueLeakage #CommerceIntelligence #PlatformGrowth #DigitalShelf #RestaurantAnalytics #FandB #FMCG #QuickCommerce #DataAnalytics",https://www.codeonto.com/?utm_source=instagram&utm_medium=organic&utm_campaign=codeonto_25_day&utm_content=day17_post1,day17_post1,False,,
17,2,Day17Photo2.png,/mnt/data/Codeonto_25_Day_Instagram_Campaign_Final/Day17Photo2.png,"Platform Performance Dashboard 🚀

A performance dashboard should answer what changed, where it changed and what deserves attention next.

🖥️ See how a performance intelligence workflow can look.

#Codeonto #RestaurantTech #Zomato #Swiggy #PlatformSEO #MenuOptimization #FoodDelivery #RestaurantGrowth #FandB #CommerceIntelligence",https://www.codeonto.com/?utm_source=instagram&utm_medium=organic&utm_campaign=codeonto_25_day&utm_content=day17_post2,day17_post2,False,,
18,1,Day18Photo1.png,/mnt/data/Codeonto_25_Day_Instagram_Campaign_Final/Day18Photo1.png,"Competition Intelligence 🚀

Competitive intelligence helps brands understand how their digital shelf compares with the market and where opportunities may exist.

🔎 Know the market before the market surprises you.

#Codeonto #QuickCommerce #Blinkit #Zepto #Instamart #DigitalShelf #DarkStore #CommerceIntelligence #FMCG #RetailTech",https://www.codeonto.com/?utm_source=instagram&utm_medium=organic&utm_campaign=codeonto_25_day&utm_content=day18_post1,day18_post1,False,,
18,2,Day18Photo2.png,/mnt/data/Codeonto_25_Day_Instagram_Campaign_Final/Day18Photo2.png,"Customer Demand Signals 🚀

Customer demand signals can reveal changes in behavior, location and product interest before those changes become obvious in aggregate reports.

📈 Understand customer demand signals with Codeonto.

#Codeonto #AlgorithmicCommerce #CommerceIntelligence #DigitalShelf #DigitalShelfIntelligence #FandB #FMCG #QuickCommerce #FoodTech #RetailTech",https://www.codeonto.com/?utm_source=instagram&utm_medium=organic&utm_campaign=codeonto_25_day&utm_content=day18_post2,day18_post2,False,,
19,1,Day19Photo1.png,/mnt/data/Codeonto_25_Day_Instagram_Campaign_Final/Day19Photo1.png,"F&B Commerce Intelligence 🚀

F&B commerce intelligence connects restaurant operations, digital shelves, platform behavior and customer demand into one growth framework.

🍽️ Explore F&B Commerce Intelligence at Codeonto.com.

#Codeonto #DigitalShelf #CommerceData #AlgorithmicCommerce #QuickCommerce #FMCG #FandB #RestaurantTech #Ecommerce #DigitalCommerce",https://www.codeonto.com/?utm_source=instagram&utm_medium=organic&utm_campaign=codeonto_25_day&utm_content=day19_post1,day19_post1,False,,
19,2,Day19Photo2.png,/mnt/data/Codeonto_25_Day_Instagram_Campaign_Final/Day19Photo2.png,"FMCG Digital Shelf 🚀

FMCG brands need digital shelf visibility across modern commerce channels. Monitor discovery, availability and competitive positioning.

🛍️ Explore FMCG Digital Shelf Intelligence with Codeonto.

#Codeonto #RevenueLeakage #CommerceIntelligence #PlatformGrowth #DigitalShelf #RestaurantAnalytics #FandB #FMCG #QuickCommerce #DataAnalytics",https://www.codeonto.com/?utm_source=instagram&utm_medium=organic&utm_campaign=codeonto_25_day&utm_content=day19_post2,day19_post2,False,,
20,1,Day20Photo1.png,/mnt/data/Codeonto_25_Day_Instagram_Campaign_Final/Day20Photo1.png,"Quick Commerce Growth 🚀

Quick Commerce growth depends on more than delivery speed. Visibility, availability, demand and digital shelf execution all matter.

🛵 Explore Quick Commerce growth intelligence.

#Codeonto #RestaurantTech #Zomato #Swiggy #PlatformSEO #MenuOptimization #FoodDelivery #RestaurantGrowth #FandB #CommerceIntelligence",https://www.codeonto.com/?utm_source=instagram&utm_medium=organic&utm_campaign=codeonto_25_day&utm_content=day20_post1,day20_post1,False,,
20,2,Day20Photo2.png,/mnt/data/Codeonto_25_Day_Instagram_Campaign_Final/Day20Photo2.png,"On-Demand Delivery 🚀

On-Demand Delivery creates a dynamic digital marketplace. Brands need visibility into the signals that shape discovery and conversion.

📦 Build a stronger On-Demand Commerce intelligence layer.

#Codeonto #QuickCommerce #Blinkit #Zepto #Instamart #DigitalShelf #DarkStore #CommerceIntelligence #FMCG #RetailTech",https://www.codeonto.com/?utm_source=instagram&utm_medium=organic&utm_campaign=codeonto_25_day&utm_content=day20_post2,day20_post2,False,,
21,1,Day21Photo1.png,/mnt/data/Codeonto_25_Day_Instagram_Campaign_Final/Day21Photo1.png,"Platform SEO 🚀

Platform SEO helps brands improve discoverability through stronger digital shelf structure, content and performance monitoring.

🔍 Explore Platform SEO and growth audit services.

#Codeonto #AlgorithmicCommerce #CommerceIntelligence #DigitalShelf #DigitalShelfIntelligence #FandB #FMCG #QuickCommerce #FoodTech #RetailTech",https://www.codeonto.com/?utm_source=instagram&utm_medium=organic&utm_campaign=codeonto_25_day&utm_content=day21_post1,day21_post1,False,,
21,2,Day21Photo2.png,/mnt/data/Codeonto_25_Day_Instagram_Campaign_Final/Day21Photo2.png,"Conversion Optimization 🚀

Conversion optimization means connecting menu or product views with actual orders. Find where customers drop off and investigate why.

🛒 Turn views into orders with better conversion intelligence.

#Codeonto #DigitalShelf #CommerceData #AlgorithmicCommerce #QuickCommerce #FMCG #FandB #RestaurantTech #Ecommerce #DigitalCommerce",https://www.codeonto.com/?utm_source=instagram&utm_medium=organic&utm_campaign=codeonto_25_day&utm_content=day21_post2,day21_post2,False,,
22,1,Day22Photo1.png,/mnt/data/Codeonto_25_Day_Instagram_Campaign_Final/Day22Photo1.png,"Localized Commerce Data 🚀

Localized commerce data helps brands understand performance at the market, city, pincode or dark-store level.

📍 Make better decisions with localized commerce data.

#Codeonto #RevenueLeakage #CommerceIntelligence #PlatformGrowth #DigitalShelf #RestaurantAnalytics #FandB #FMCG #QuickCommerce #DataAnalytics",https://www.codeonto.com/?utm_source=instagram&utm_medium=organic&utm_campaign=codeonto_25_day&utm_content=day22_post1,day22_post1,False,,
22,2,Day22Photo2.png,/mnt/data/Codeonto_25_Day_Instagram_Campaign_Final/Day22Photo2.png,"Automated Revenue Recovery 🚀

Automated revenue recovery can continuously surface anomalies and opportunities instead of relying on occasional manual analysis.

🤖 Explore automated revenue recovery with Codeonto.

#Codeonto #RestaurantTech #Zomato #Swiggy #PlatformSEO #MenuOptimization #FoodDelivery #RestaurantGrowth #FandB #CommerceIntelligence",https://www.codeonto.com/?utm_source=instagram&utm_medium=organic&utm_campaign=codeonto_25_day&utm_content=day22_post2,day22_post2,False,,
23,1,Day23Photo1.png,/mnt/data/Codeonto_25_Day_Instagram_Campaign_Final/Day23Photo1.png,"CO.Radar 🚀

CO.Radar is Codeonto's commerce intelligence solution for modern F&B and FMCG brands across Quick Commerce and On-Demand ecosystems.

🚀 Request a CO.Radar demo at Codeonto.com.

#Codeonto #QuickCommerce #Blinkit #Zepto #Instamart #DigitalShelf #DarkStore #CommerceIntelligence #FMCG #RetailTech",https://www.codeonto.com/?utm_source=instagram&utm_medium=organic&utm_campaign=codeonto_25_day&utm_content=day23_post1,day23_post1,False,,
23,2,Day23Photo2.png,/mnt/data/Codeonto_25_Day_Instagram_Campaign_Final/Day23Photo2.png,"500+ Dark Stores Tracked 🚀

Codeonto tracks 500+ dark stores, giving brands a localized view of availability and Quick Commerce operations.

🏪 Ask us how CO.Radar can track your digital shelf.

#Codeonto #AlgorithmicCommerce #CommerceIntelligence #DigitalShelf #DigitalShelfIntelligence #FandB #FMCG #QuickCommerce #FoodTech #RetailTech",https://www.codeonto.com/?utm_source=instagram&utm_medium=organic&utm_campaign=codeonto_25_day&utm_content=day23_post2,day23_post2,False,,
24,1,Day24Photo1.png,/mnt/data/Codeonto_25_Day_Instagram_Campaign_Final/Day24Photo1.png,"₹50Cr+ Payouts Reconciled 🚀

Codeonto has reconciled ₹50Cr+ in payouts, helping create greater visibility into platform economics and commercial control.

💰 Ask us about platform payout reconciliation.

#Codeonto #DigitalShelf #CommerceData #AlgorithmicCommerce #QuickCommerce #FMCG #FandB #RestaurantTech #Ecommerce #DigitalCommerce",https://www.codeonto.com/?utm_source=instagram&utm_medium=organic&utm_campaign=codeonto_25_day&utm_content=day24_post1,day24_post1,False,,
24,2,Day24Photo2.png,/mnt/data/Codeonto_25_Day_Instagram_Campaign_Final/Day24Photo2.png,"10M+ Daily Data Points 🚀

Codeonto analyzes 10M+ daily data points to transform commerce signals into actionable intelligence for modern brands.

📊 Explore what 10M+ daily data points can mean for decision-making.

#Codeonto #RevenueLeakage #CommerceIntelligence #PlatformGrowth #DigitalShelf #RestaurantAnalytics #FandB #FMCG #QuickCommerce #DataAnalytics",https://www.codeonto.com/?utm_source=instagram&utm_medium=organic&utm_campaign=codeonto_25_day&utm_content=day24_post2,day24_post2,False,,
25,1,Day25Photo1.png,/mnt/data/Codeonto_25_Day_Instagram_Campaign_Final/Day25Photo1.png,"Request a CO.Radar Demo 🚀

Want to understand where your digital shelf is leaking opportunity? Request a CO.Radar demo and explore the data behind your growth.

🚀 Request a CO.Radar demo at Codeonto.com.

#Codeonto #RestaurantTech #Zomato #Swiggy #PlatformSEO #MenuOptimization #FoodDelivery #RestaurantGrowth #FandB #CommerceIntelligence",https://www.codeonto.com/?utm_source=instagram&utm_medium=organic&utm_campaign=codeonto_25_day&utm_content=day25_post1,day25_post1,False,,
25,2,Day25Photo2.png,/mnt/data/Codeonto_25_Day_Instagram_Campaign_Final/Day25Photo2.png,"Take Your Brand ONTO Its Next Level 🚀

Take your brand ONTO its next level with Algorithmic Commerce and Digital Shelf Intelligence. Explore Codeonto and request a demo.

🌐 Visit https://www.codeonto.com/ and take your brand ONTO its next level.

#Codeonto #QuickCommerce #Blinkit #Zepto #Instamart #DigitalShelf #DarkStore #CommerceIntelligence #FMCG #RetailTech",https://www.codeonto.com/?utm_source=instagram&utm_medium=organic&utm_campaign=codeonto_25_day&utm_content=day25_post2,day25_post2,False,,
